,Latitude,Longitude
0,32.575302021686774,-117.02118562645637
1,32.575302021686774,-116.84948874430594
2,32.575302021686774,-116.67779186215552
3,32.700604043373545,-117.09668591028729
4,32.700604043373545,-116.92474837331723
5,32.700604043373545,-116.75281083634717
6,32.700604043373545,-116.5808732993771
7,32.700604043373545,-116.40893576240704
8,32.700604043373545,-116.23699822543698
9,32.700604043373545,-116.06506068846691
10,32.700604043373545,-115.89312315149685
11,32.700604043373545,-115.72118561452679
12,32.700604043373545,-115.54924807755673
13,32.700604043373545,-115.37731054058666
14,32.700604043373545,-115.2053730036166
15,32.700604043373545,-115.03343546664654
16,32.825906065060316,-118.37762093443486
17,32.825906065060316,-117.1723630905206
18,32.825906065060316,-117.00018339853285
19,32.825906065060316,-116.8280037065451
20,32.825906065060316,-116.65582401455735
21,32.825906065060316,-116.4836443225696
22,32.825906065060316,-116.31146463058185
23,32.825906065060316,-116.1392849385941
24,32.825906065060316,-115.96710524660635
25,32.825906065060316,-115.7949255546186
26,32.825906065060316,-115.62274586263085
27,32.825906065060316,-115.4505661706431
28,32.825906065060316,-115.27838647865535
29,32.825906065060316,-115.1062067866676
30,32.825906065060316,-114.93402709467985
31,32.825906065060316,-114.7618474026921
32,32.825906065060316,-114.58966771070435
33,32.95120808674709,-117.2482190533659
34,32.95120808674709,-117.07579569749366
35,32.95120808674709,-116.90337234162142
36,32.95120808674709,-116.73094898574918
37,32.95120808674709,-116.55852562987694
38,32.95120808674709,-116.3861022740047
39,32.95120808674709,-116.21367891813246
40,32.95120808674709,-116.04125556226022
41,32.95120808674709,-115.86883220638798
42,32.95120808674709,-115.69640885051574
43,32.95120808674709,-115.5239854946435
44,32.95120808674709,-115.35156213877126
45,32.95120808674709,-115.17913878289902
46,32.95120808674709,-115.00671542702678
47,32.95120808674709,-114.83429207115454
48,32.95120808674709,-114.6618687152823
49,32.95120808674709,-114.48944535941006
50,33.07651010843386,-117.15158716159317
51,33.07651010843386,-116.97891862421889
52,33.07651010843386,-116.80625008684461
53,33.07651010843386,-116.63358154947034
54,33.07651010843386,-116.46091301209606
55,33.07651010843386,-116.28824447472178
56,33.07651010843386,-116.1155759373475
57,33.07651010843386,-115.94290739997322
58,33.07651010843386,-115.77023886259894
59,33.07651010843386,-115.59757032522467
60,33.07651010843386,-115.42490178785039
61,33.07651010843386,-115.25223325047611
62,33.07651010843386,-115.07956471310183
63,33.07651010843386,-114.90689617572755
64,33.07651010843386,-114.73422763835327
65,33.20181213012063,-117.22755969625028
66,33.20181213012063,-117.05464445092291
67,33.20181213012063,-116.88172920559553
68,33.20181213012063,-116.70881396026816
69,33.20181213012063,-116.53589871494079
70,33.20181213012063,-116.36298346961341
71,33.20181213012063,-116.19006822428604
72,33.20181213012063,-116.01715297895866
73,33.20181213012063,-115.84423773363129
74,33.20181213012063,-115.67132248830391
75,33.20181213012063,-115.49840724297654
76,33.20181213012063,-115.32549199764917
77,33.20181213012063,-115.15257675232179
78,33.20181213012063,-114.97966150699442
79,33.20181213012063,-114.80674626166704
80,33.3271141518074,-118.3426961529677
81,33.3271141518074,-117.47687870972372
82,33.3271141518074,-117.30371522107492
83,33.3271141518074,-117.13055173242613
84,33.3271141518074,-116.95738824377733
85,33.3271141518074,-116.78422475512853
86,33.3271141518074,-116.61106126647974
87,33.3271141518074,-116.43789777783094
88,33.3271141518074,-116.26473428918214
89,33.3271141518074,-116.09157080053335
90,33.3271141518074,-115.91840731188455
91,33.3271141518074,-115.74524382323575
92,33.3271141518074,-115.57208033458696
93,33.3271141518074,-115.39891684593816
94,33.3271141518074,-115.22575335728936
95,33.3271141518074,-115.05258986864057
96,33.3271141518074,-114.87942637999177
97,33.3271141518074,-114.70626289134297
98,33.45241617349417,-117.55346894638181
99,33.45241617349417,-117.38005567004136
100,33.45241617349417,-117.2066423937009
101,33.45241617349417,-117.03322911736045
102,33.45241617349417,-116.85981584102
103,33.45241617349417,-116.68640256467954
104,33.45241617349417,-116.51298928833909
105,33.45241617349417,-116.33957601199863
106,33.45241617349417,-116.16616273565818
107,33.45241617349417,-115.99274945931772
108,33.45241617349417,-115.81933618297727
109,33.45241617349417,-115.64592290663681
110,33.45241617349417,-115.47250963029636
111,33.45241617349417,-115.2990963539559
112,33.45241617349417,-115.12568307761545
113,33.45241617349417,-114.952269801275
114,33.45241617349417,-114.77885652493454
115,33.57771819518094,-117.80391222664521
116,33.57771819518094,-117.63024760915548
117,33.57771819518094,-117.45658299166574
118,33.57771819518094,-117.282918374176
119,33.57771819518094,-117.10925375668627
120,33.57771819518094,-116.93558913919654
121,33.57771819518094,-116.7619245217068
122,33.57771819518094,-116.58825990421707
123,33.57771819518094,-116.41459528672733
124,33.57771819518094,-116.2409306692376
125,33.57771819518094,-116.06726605174786
126,33.57771819518094,-115.89360143425813
127,33.57771819518094,-115.7199368167684
128,33.57771819518094,-115.54627219927866
129,33.57771819518094,-115.37260758178893
130,33.57771819518094,-115.19894296429919
131,33.57771819518094,-115.02527834680946
132,33.57771819518094,-114.85161372931972
133,33.57771819518094,-114.67794911182999
134,33.70302021686771,-118.05505171299058
135,33.70302021686771,-117.88113419172005
136,33.70302021686771,-117.70721667044953
137,33.70302021686771,-117.533299149179
138,33.70302021686771,-117.35938162790848
139,33.70302021686771,-117.18546410663795
140,33.70302021686771,-117.01154658536743
141,33.70302021686771,-116.8376290640969
142,33.70302021686771,-116.66371154282638
143,33.70302021686771,-116.48979402155585
144,33.70302021686771,-116.31587650028533
145,33.70302021686771,-116.1419589790148
146,33.70302021686771,-115.96804145774428
147,33.70302021686771,-115.79412393647375
148,33.70302021686771,-115.62020641520323
149,33.70302021686771,-115.4462888939327
150,33.70302021686771,-115.27237137266218
151,33.70302021686771,-115.09845385139165
152,33.70302021686771,-114.92453633012113
153,33.70302021686771,-114.7506188088506
154,33.70302021686771,-114.57670128758008
155,33.828322238554485,-118.30689410848457
156,33.828322238554485,-118.13272211154047
157,33.828322238554485,-117.95855011459638
158,33.828322238554485,-117.78437811765228
159,33.828322238554485,-117.61020612070818
160,33.828322238554485,-117.43603412376409
161,33.828322238554485,-117.26186212681999
162,33.828322238554485,-117.0876901298759
163,33.828322238554485,-116.9135181329318
164,33.828322238554485,-116.7393461359877
165,33.828322238554485,-116.5651741390436
166,33.828322238554485,-116.39100214209951
167,33.828322238554485,-116.21683014515541
168,33.828322238554485,-116.04265814821132
169,33.828322238554485,-115.86848615126722
170,33.828322238554485,-115.69431415432312
171,33.828322238554485,-115.52014215737903
172,33.828322238554485,-115.34597016043493
173,33.828322238554485,-115.17179816349083
174,33.828322238554485,-114.99762616654674
175,33.828322238554485,-114.82345416960264
176,33.828322238554485,-114.64928217265854
177,33.953624260241256,-120.12929865349898
178,33.953624260241256,-118.38501811489857
179,33.953624260241256,-118.21059006103853
180,33.953624260241256,-118.03616200717849
181,33.953624260241256,-117.86173395331845
182,33.953624260241256,-117.68730589945841
183,33.953624260241256,-117.51287784559837
184,33.953624260241256,-117.33844979173833
185,33.953624260241256,-117.16402173787829
186,33.953624260241256,-116.98959368401825
187,33.953624260241256,-116.8151656301582
188,33.953624260241256,-116.64073757629816
189,33.953624260241256,-116.46630952243812
190,33.953624260241256,-116.29188146857808
191,33.953624260241256,-116.11745341471804
192,33.953624260241256,-115.943025360858
193,33.953624260241256,-115.76859730699796
194,33.953624260241256,-115.59416925313792
195,33.953624260241256,-115.41974119927788
196,33.953624260241256,-115.24531314541784
197,33.953624260241256,-115.0708850915578
198,33.953624260241256,-114.89645703769776
199,33.953624260241256,-114.72202898383772
200,33.953624260241256,-114.54760092997768
201,34.07892628192803,-118.98740040409528
202,34.07892628192803,-118.81271470263799
203,34.07892628192803,-118.6380290011807
204,34.07892628192803,-118.4633432997234
205,34.07892628192803,-118.28865759826611
206,34.07892628192803,-118.11397189680882
207,34.07892628192803,-117.93928619535153
208,34.07892628192803,-117.76460049389424
209,34.07892628192803,-117.58991479243694
210,34.07892628192803,-117.41522909097965
211,34.07892628192803,-117.24054338952236
212,34.07892628192803,-117.06585768806507
213,34.07892628192803,-116.89117198660777
214,34.07892628192803,-116.71648628515048
215,34.07892628192803,-116.54180058369319
216,34.07892628192803,-116.3671148822359
217,34.07892628192803,-116.1924291807786
218,34.07892628192803,-116.01774347932131
219,34.07892628192803,-115.84305777786402
220,34.07892628192803,-115.66837207640673
221,34.07892628192803,-115.49368637494943
222,34.07892628192803,-115.31900067349214
223,34.07892628192803,-115.14431497203485
224,34.07892628192803,-114.96962927057756
225,34.07892628192803,-114.79494356912026
226,34.07892628192803,-114.62025786766297
227,34.07892628192803,-114.44557216620568
228,34.2042283036148,-119.2416515220488
229,34.2042283036148,-119.06670657278376
230,34.2042283036148,-118.89176162351872
231,34.2042283036148,-118.71681667425368
232,34.2042283036148,-118.54187172498864
233,34.2042283036148,-118.3669267757236
234,34.2042283036148,-118.19198182645856
235,34.2042283036148,-118.01703687719352
236,34.2042283036148,-117.84209192792848
237,34.2042283036148,-117.66714697866344
238,34.2042283036148,-117.4922020293984
239,34.2042283036148,-117.31725708013336
240,34.2042283036148,-117.14231213086832
241,34.2042283036148,-116.96736718160328
242,34.2042283036148,-116.79242223233824
243,34.2042283036148,-116.6174772830732
244,34.2042283036148,-116.44253233380816
245,34.2042283036148,-116.26758738454312
246,34.2042283036148,-116.09264243527808
247,34.2042283036148,-115.91769748601304
248,34.2042283036148,-115.742752536748
249,34.2042283036148,-115.56780758748296
250,34.2042283036148,-115.39286263821792
251,34.2042283036148,-115.21791768895288
252,34.2042283036148,-115.04297273968784
253,34.2042283036148,-114.8680277904228
254,34.2042283036148,-114.69308284115776
255,34.2042283036148,-114.51813789189272
256,34.2042283036148,-114.34319294262768
257,34.32953032530157,-119.3214286963386
258,34.32953032530157,-119.14622288943482
259,34.32953032530157,-118.97101708253105
260,34.32953032530157,-118.79581127562727
261,34.32953032530157,-118.6206054687235
262,34.32953032530157,-118.44539966181972
263,34.32953032530157,-118.27019385491595
264,34.32953032530157,-118.09498804801217
265,34.32953032530157,-117.9197822411084
266,34.32953032530157,-117.74457643420462
267,34.32953032530157,-117.56937062730084
268,34.32953032530157,-117.39416482039707
269,34.32953032530157,-117.21895901349329
270,34.32953032530157,-117.04375320658951
271,34.32953032530157,-116.86854739968574
272,34.32953032530157,-116.69334159278196
273,34.32953032530157,-116.51813578587819
274,34.32953032530157,-116.34292997897441
275,34.32953032530157,-116.16772417207063
276,34.32953032530157,-115.99251836516686
277,34.32953032530157,-115.81731255826308
278,34.32953032530157,-115.64210675135931
279,34.32953032530157,-115.46690094445553
280,34.32953032530157,-115.29169513755176
281,34.32953032530157,-115.11648933064798
282,34.32953032530157,-114.9412835237442
283,34.32953032530157,-114.76607771684043
284,34.32953032530157,-114.59087190993665
285,34.32953032530157,-114.41566610303288
286,34.32953032530157,-114.2404602961291
287,34.45483234698834,-120.45422946601624
288,34.45483234698834,-119.9278246137575
289,34.45483234698834,-119.75235632967124
290,34.45483234698834,-119.576888045585
291,34.45483234698834,-119.40141976149874
292,34.45483234698834,-119.2259514774125
293,34.45483234698834,-119.05048319332624
294,34.45483234698834,-118.87501490924
295,34.45483234698834,-118.69954662515374
296,34.45483234698834,-118.5240783410675
297,34.45483234698834,-118.34861005698124
298,34.45483234698834,-118.173141772895
299,34.45483234698834,-117.99767348880874
300,34.45483234698834,-117.8222052047225
301,34.45483234698834,-117.64673692063624
302,34.45483234698834,-117.47126863655
303,34.45483234698834,-117.29580035246374
304,34.45483234698834,-117.1203320683775
305,34.45483234698834,-116.94486378429124
306,34.45483234698834,-116.769395500205
307,34.45483234698834,-116.59392721611874
308,34.45483234698834,-116.4184589320325
309,34.45483234698834,-116.24299064794624
310,34.45483234698834,-116.06752236386
311,34.45483234698834,-115.89205407977374
312,34.45483234698834,-115.7165857956875
313,34.45483234698834,-115.54111751160124
314,34.45483234698834,-115.365649227515
315,34.45483234698834,-115.19018094342874
316,34.45483234698834,-115.01471265934249
317,34.45483234698834,-114.83924437525624
318,34.45483234698834,-114.66377609116999
319,34.45483234698834,-114.48830780708374
320,34.58013436867511,-120.53602121108361
321,34.58013436867511,-120.3602888204651
322,34.58013436867511,-120.1845564298466
323,34.58013436867511,-120.00882403922809
324,34.58013436867511,-119.83309164860958
325,34.58013436867511,-119.65735925799108
326,34.58013436867511,-119.48162686737257
327,34.58013436867511,-119.30589447675406
328,34.58013436867511,-119.13016208613556
329,34.58013436867511,-118.95442969551705
330,34.58013436867511,-118.77869730489854
331,34.58013436867511,-118.60296491428004
332,34.58013436867511,-118.42723252366153
333,34.58013436867511,-118.25150013304302
334,34.58013436867511,-118.07576774242452
335,34.58013436867511,-117.90003535180601
336,34.58013436867511,-117.7243029611875
337,34.58013436867511,-117.548570570569
338,34.58013436867511,-117.37283817995049
339,34.58013436867511,-117.19710578933199
340,34.58013436867511,-117.02137339871348
341,34.58013436867511,-116.84564100809497
342,34.58013436867511,-116.66990861747647
343,34.58013436867511,-116.49417622685796
344,34.58013436867511,-116.31844383623945
345,34.58013436867511,-116.14271144562095
346,34.58013436867511,-115.96697905500244
347,34.58013436867511,-115.79124666438393
348,34.58013436867511,-115.61551427376543
349,34.58013436867511,-115.43978188314692
350,34.58013436867511,-115.26404949252841
351,34.58013436867511,-115.08831710190991
352,34.58013436867511,-114.9125847112914
353,34.58013436867511,-114.7368523206729
354,34.58013436867511,-114.56111993005439
355,34.70543639036188,-120.44204286277947
356,34.70543639036188,-120.26604472637858
357,34.70543639036188,-120.09004658997769
358,34.70543639036188,-119.9140484535768
359,34.70543639036188,-119.7380503171759
360,34.70543639036188,-119.56205218077501
361,34.70543639036188,-119.38605404437412
362,34.70543639036188,-119.21005590797323
363,34.70543639036188,-119.03405777157234
364,34.70543639036188,-118.85805963517144
365,34.70543639036188,-118.68206149877055
366,34.70543639036188,-118.50606336236966
367,34.70543639036188,-118.33006522596877
368,34.70543639036188,-118.15406708956787
369,34.70543639036188,-117.97806895316698
370,34.70543639036188,-117.80207081676609
371,34.70543639036188,-117.6260726803652
372,34.70543639036188,-117.4500745439643
373,34.70543639036188,-117.27407640756341
374,34.70543639036188,-117.09807827116252
375,34.70543639036188,-116.92208013476163
376,34.70543639036188,-116.74608199836074
377,34.70543639036188,-116.57008386195984
378,34.70543639036188,-116.39408572555895
379,34.70543639036188,-116.21808758915806
380,34.70543639036188,-116.04208945275717
381,34.70543639036188,-115.86609131635628
382,34.70543639036188,-115.69009317995538
383,34.70543639036188,-115.51409504355449
384,34.70543639036188,-115.3380969071536
385,34.70543639036188,-115.1620987707527
386,34.70543639036188,-114.98610063435181
387,34.70543639036188,-114.81010249795092
388,34.70543639036188,-114.63410436155003
389,34.83073841204865,-120.52402554284343
390,34.83073841204865,-120.34776001141425
391,34.83073841204865,-120.17149447998507
392,34.83073841204865,-119.99522894855589
393,34.83073841204865,-119.81896341712671
394,34.83073841204865,-119.64269788569753
395,34.83073841204865,-119.46643235426835
396,34.83073841204865,-119.29016682283917
397,34.83073841204865,-119.11390129140999
398,34.83073841204865,-118.93763575998081
399,34.83073841204865,-118.76137022855163
400,34.83073841204865,-118.58510469712245
401,34.83073841204865,-118.40883916569327
402,34.83073841204865,-118.23257363426409
403,34.83073841204865,-118.0563081028349
404,34.83073841204865,-117.88004257140572
405,34.83073841204865,-117.70377703997654
406,34.83073841204865,-117.52751150854736
407,34.83073841204865,-117.35124597711818
408,34.83073841204865,-117.174980445689
409,34.83073841204865,-116.99871491425982
410,34.83073841204865,-116.82244938283064
411,34.83073841204865,-116.64618385140146
412,34.83073841204865,-116.46991831997228
413,34.83073841204865,-116.2936527885431
414,34.83073841204865,-116.11738725711392
415,34.83073841204865,-115.94112172568474
416,34.83073841204865,-115.76485619425556
417,34.83073841204865,-115.58859066282638
418,34.83073841204865,-115.4123251313972
419,34.83073841204865,-115.23605959996802
420,34.83073841204865,-115.05979406853884
421,34.83073841204865,-114.88352853710965
422,34.83073841204865,-114.70726300568047
423,34.956040433735424,-120.60623911249881
424,34.956040433735424,-120.4297045267033
425,34.956040433735424,-120.2531699409078
426,34.956040433735424,-120.07663535511229
427,34.956040433735424,-119.90010076931678
428,34.956040433735424,-119.72356618352127
429,34.956040433735424,-119.54703159772576
430,34.956040433735424,-119.37049701193025
431,34.956040433735424,-119.19396242613475
432,34.956040433735424,-119.01742784033924
433,34.956040433735424,-118.84089325454373
434,34.956040433735424,-118.66435866874822
435,34.956040433735424,-118.48782408295271
436,34.956040433735424,-118.3112894971572
437,34.956040433735424,-118.1347549113617
438,34.956040433735424,-117.95822032556619
439,34.956040433735424,-117.78168573977068
440,34.956040433735424,-117.60515115397517
441,34.956040433735424,-117.42861656817966
442,34.956040433735424,-117.25208198238415
443,34.956040433735424,-117.07554739658865
444,34.956040433735424,-116.89901281079314
445,34.956040433735424,-116.72247822499763
446,34.956040433735424,-116.54594363920212
447,34.956040433735424,-116.36940905340661
448,34.956040433735424,-116.1928744676111
449,34.956040433735424,-116.0163398818156
450,34.956040433735424,-115.83980529602009
451,34.956040433735424,-115.66327071022458
452,34.956040433735424,-115.48673612442907
453,34.956040433735424,-115.31020153863356
454,34.956040433735424,-115.13366695283806
455,34.956040433735424,-114.95713236704255
456,34.956040433735424,-114.78059778124704
457,35.081342455422195,-120.51188053198499
458,35.081342455422195,-120.33507522229543
459,35.081342455422195,-120.15826991260587
460,35.081342455422195,-119.98146460291632
461,35.081342455422195,-119.80465929322676
462,35.081342455422195,-119.62785398353721
463,35.081342455422195,-119.45104867384765
464,35.081342455422195,-119.2742433641581
465,35.081342455422195,-119.09743805446854
466,35.081342455422195,-118.92063274477898
467,35.081342455422195,-118.74382743508943
468,35.081342455422195,-118.56702212539987
469,35.081342455422195,-118.39021681571032
470,35.081342455422195,-118.21341150602076
471,35.081342455422195,-118.0366061963312
472,35.081342455422195,-117.85980088664165
473,35.081342455422195,-117.6829955769521
474,35.081342455422195,-117.50619026726254
475,35.081342455422195,-117.32938495757298
476,35.081342455422195,-117.15257964788343
477,35.081342455422195,-116.97577433819387
478,35.081342455422195,-116.79896902850432
479,35.081342455422195,-116.62216371881476
480,35.081342455422195,-116.4453584091252
481,35.081342455422195,-116.26855309943565
482,35.081342455422195,-116.0917477897461
483,35.081342455422195,-115.91494248005654
484,35.081342455422195,-115.73813717036698
485,35.081342455422195,-115.56133186067743
486,35.081342455422195,-115.38452655098787
487,35.081342455422195,-115.20772124129832
488,35.081342455422195,-115.03091593160876
489,35.081342455422195,-114.8541106219192
490,35.206644477108966,-120.77136801860874
491,35.206644477108966,-120.59429030520916
492,35.206644477108966,-120.41721259180957
493,35.206644477108966,-120.24013487840999
494,35.206644477108966,-120.0630571650104
495,35.206644477108966,-119.88597945161082
496,35.206644477108966,-119.70890173821124
497,35.206644477108966,-119.53182402481166
498,35.206644477108966,-119.35474631141207
499,35.206644477108966,-119.17766859801249
500,35.206644477108966,-119.0005908846129
501,35.206644477108966,-118.82351317121332
502,35.206644477108966,-118.64643545781374
503,35.206644477108966,-118.46935774441415
504,35.206644477108966,-118.29228003101457
505,35.206644477108966,-118.11520231761499
506,35.206644477108966,-117.9381246042154
507,35.206644477108966,-117.76104689081582
508,35.206644477108966,-117.58396917741624
509,35.206644477108966,-117.40689146401665
510,35.206644477108966,-117.22981375061707
511,35.206644477108966,-117.05273603721749
512,35.206644477108966,-116.8756583238179
513,35.206644477108966,-116.69858061041832
514,35.206644477108966,-116.52150289701873
515,35.206644477108966,-116.34442518361915
516,35.206644477108966,-116.16734747021957
517,35.206644477108966,-115.99026975681998
518,35.206644477108966,-115.8131920434204
519,35.206644477108966,-115.63611433002082
520,35.206644477108966,-115.45903661662123
521,35.206644477108966,-115.28195890322165
522,35.206644477108966,-115.10488118982207
523,35.206644477108966,-114.92780347642248
524,35.33194649879574,-120.67693614275854
525,35.33194649879574,-120.49958433544498
526,35.33194649879574,-120.32223252813142
527,35.33194649879574,-120.14488072081787
528,35.33194649879574,-119.96752891350431
529,35.33194649879574,-119.79017710619075
530,35.33194649879574,-119.6128252988772
531,35.33194649879574,-119.43547349156364
532,35.33194649879574,-119.25812168425009
533,35.33194649879574,-119.08076987693653
534,35.33194649879574,-118.90341806962297
535,35.33194649879574,-118.72606626230942
536,35.33194649879574,-118.54871445499586
537,35.33194649879574,-118.3713626476823
538,35.33194649879574,-118.19401084036875
539,35.33194649879574,-118.01665903305519
540,35.33194649879574,-117.83930722574163
541,35.33194649879574,-117.66195541842808
542,35.33194649879574,-117.48460361111452
543,35.33194649879574,-117.30725180380097
544,35.33194649879574,-117.12989999648741
545,35.33194649879574,-116.95254818917385
546,35.33194649879574,-116.7751963818603
547,35.33194649879574,-116.59784457454674
548,35.33194649879574,-116.42049276723318
549,35.33194649879574,-116.24314095991963
550,35.33194649879574,-116.06578915260607
551,35.33194649879574,-115.88843734529252
552,35.33194649879574,-115.71108553797896
553,35.33194649879574,-115.5337337306654
554,35.33194649879574,-115.35638192335185
555,35.33194649879574,-115.17903011603829
556,35.45724852048251,-120.93744796159557
557,35.45724852048251,-120.75982035967535
558,35.45724852048251,-120.58219275775512
559,35.45724852048251,-120.4045651558349
560,35.45724852048251,-120.22693755391468
561,35.45724852048251,-120.04930995199446
562,35.45724852048251,-119.87168235007424
563,35.45724852048251,-119.69405474815402
564,35.45724852048251,-119.5164271462338
565,35.45724852048251,-119.33879954431357
566,35.45724852048251,-119.16117194239335
567,35.45724852048251,-118.98354434047313
568,35.45724852048251,-118.80591673855291
569,35.45724852048251,-118.62828913663269
570,35.45724852048251,-118.45066153471247
571,35.45724852048251,-118.27303393279225
572,35.45724852048251,-118.09540633087202
573,35.45724852048251,-117.9177787289518
574,35.45724852048251,-117.74015112703158
575,35.45724852048251,-117.56252352511136
576,35.45724852048251,-117.38489592319114
577,35.45724852048251,-117.20726832127092
578,35.45724852048251,-117.0296407193507
579,35.45724852048251,-116.85201311743047
580,35.45724852048251,-116.67438551551025
581,35.45724852048251,-116.49675791359003
582,35.45724852048251,-116.31913031166981
583,35.45724852048251,-116.14150270974959
584,35.45724852048251,-115.96387510782937
585,35.45724852048251,-115.78624750590915
586,35.45724852048251,-115.60861990398892
587,35.45724852048251,-115.4309923020687
588,35.45724852048251,-115.25336470014848
589,35.58255054216928,-121.0208503976988
590,35.58255054216928,-120.84294528988848
591,35.58255054216928,-120.66504018207816
592,35.58255054216928,-120.48713507426784
593,35.58255054216928,-120.30922996645752
594,35.58255054216928,-120.1313248586472
595,35.58255054216928,-119.95341975083689
596,35.58255054216928,-119.77551464302657
597,35.58255054216928,-119.59760953521625
598,35.58255054216928,-119.41970442740593
599,35.58255054216928,-119.24179931959561
600,35.58255054216928,-119.0638942117853
601,35.58255054216928,-118.88598910397498
602,35.58255054216928,-118.70808399616466
603,35.58255054216928,-118.53017888835434
604,35.58255054216928,-118.35227378054402
605,35.58255054216928,-118.1743686727337
606,35.58255054216928,-117.99646356492339
607,35.58255054216928,-117.81855845711307
608,35.58255054216928,-117.64065334930275
609,35.58255054216928,-117.46274824149243
610,35.58255054216928,-117.28484313368212
611,35.58255054216928,-117.1069380258718
612,35.58255054216928,-116.92903291806148
613,35.58255054216928,-116.75112781025116
614,35.58255054216928,-116.57322270244084
615,35.58255054216928,-116.39531759463053
616,35.58255054216928,-116.21741248682021
617,35.58255054216928,-116.03950737900989
618,35.58255054216928,-115.86160227119957
619,35.58255054216928,-115.68369716338925
620,35.58255054216928,-115.50579205557894
621,35.70785256385605,-121.28268195780193
622,35.70785256385605,-121.10449762212426
623,35.70785256385605,-120.92631328644659
624,35.70785256385605,-120.74812895076892
625,35.70785256385605,-120.56994461509125
626,35.70785256385605,-120.39176027941357
627,35.70785256385605,-120.2135759437359
628,35.70785256385605,-120.03539160805823
629,35.70785256385605,-119.85720727238056
630,35.70785256385605,-119.67902293670289
631,35.70785256385605,-119.50083860102522
632,35.70785256385605,-119.32265426534755
633,35.70785256385605,-119.14446992966988
634,35.70785256385605,-118.96628559399221
635,35.70785256385605,-118.78810125831454
636,35.70785256385605,-118.60991692263687
637,35.70785256385605,-118.4317325869592
638,35.70785256385605,-118.25354825128153
639,35.70785256385605,-118.07536391560386
640,35.70785256385605,-117.89717957992619
641,35.70785256385605,-117.71899524424852
642,35.70785256385605,-117.54081090857085
643,35.70785256385605,-117.36262657289318
644,35.70785256385605,-117.1844422372155
645,35.70785256385605,-117.00625790153784
646,35.70785256385605,-116.82807356586017
647,35.70785256385605,-116.6498892301825
648,35.70785256385605,-116.47170489450482
649,35.70785256385605,-116.29352055882715
650,35.70785256385605,-116.11533622314948
651,35.70785256385605,-115.93715188747181
652,35.70785256385605,-115.75896755179414
653,35.70785256385605,-115.58078321611647
654,35.83315458554282,-121.36685731439354
655,35.83315458554282,-121.18839201807317
656,35.83315458554282,-121.0099267217528
657,35.83315458554282,-120.83146142543244
658,35.83315458554282,-120.65299612911207
659,35.83315458554282,-120.4745308327917
660,35.83315458554282,-120.29606553647133
661,35.83315458554282,-120.11760024015096
662,35.83315458554282,-119.9391349438306
663,35.83315458554282,-119.76066964751023
664,35.83315458554282,-119.58220435118986
665,35.83315458554282,-119.40373905486949
666,35.83315458554282,-119.22527375854912
667,35.83315458554282,-119.04680846222875
668,35.83315458554282,-118.86834316590839
669,35.83315458554282,-118.68987786958802
670,35.83315458554282,-118.51141257326765
671,35.83315458554282,-118.33294727694728
672,35.83315458554282,-118.15448198062691
673,35.83315458554282,-117.97601668430654
674,35.83315458554282,-117.79755138798618
675,35.83315458554282,-117.6190860916658
676,35.83315458554282,-117.44062079534544
677,35.83315458554282,-117.26215549902507
678,35.83315458554282,-117.0836902027047
679,35.83315458554282,-116.90522490638433
680,35.83315458554282,-116.72675961006397
681,35.83315458554282,-116.5482943137436
682,35.83315458554282,-116.36982901742323
683,35.83315458554282,-116.19136372110286
684,35.83315458554282,-116.01289842478249
685,35.83315458554282,-115.83443312846212
686,35.95845660722959,-121.45128398908668
687,35.95845660722959,-121.27253598844472
688,35.95845660722959,-121.09378798780276
689,35.95845660722959,-120.9150399871608
690,35.95845660722959,-120.73629198651884
691,35.95845660722959,-120.55754398587688
692,35.95845660722959,-120.37879598523492
693,35.95845660722959,-120.20004798459296
694,35.95845660722959,-120.021299983951
695,35.95845660722959,-119.84255198330904
696,35.95845660722959,-119.66380398266708
697,35.95845660722959,-119.48505598202512
698,35.95845660722959,-119.30630798138316
699,35.95845660722959,-119.1275599807412
700,35.95845660722959,-118.94881198009924
701,35.95845660722959,-118.77006397945728
702,35.95845660722959,-118.59131597881532
703,35.95845660722959,-118.41256797817336
704,35.95845660722959,-118.2338199775314
705,35.95845660722959,-118.05507197688944
706,35.95845660722959,-117.87632397624748
707,35.95845660722959,-117.69757597560552
708,35.95845660722959,-117.51882797496356
709,35.95845660722959,-117.3400799743216
710,35.95845660722959,-117.16133197367964
711,35.95845660722959,-116.98258397303768
712,35.95845660722959,-116.80383597239572
713,35.95845660722959,-116.62508797175376
714,35.95845660722959,-116.4463399711118
715,35.95845660722959,-116.26759197046984
716,35.95845660722959,-116.08884396982788
717,35.95845660722959,-115.91009596918592
718,36.083758628916364,-121.53596441573157
719,36.083758628916364,-121.35693195607894
720,36.083758628916364,-121.1778994964263
721,36.083758628916364,-120.99886703677367
722,36.083758628916364,-120.81983457712104
723,36.083758628916364,-120.64080211746841
724,36.083758628916364,-120.46176965781578
725,36.083758628916364,-120.28273719816315
726,36.083758628916364,-120.10370473851052
727,36.083758628916364,-119.92467227885788
728,36.083758628916364,-119.74563981920525
729,36.083758628916364,-119.56660735955262
730,36.083758628916364,-119.38757489989999
731,36.083758628916364,-119.20854244024736
732,36.083758628916364,-119.02950998059472
733,36.083758628916364,-118.85047752094209
734,36.083758628916364,-118.67144506128946
735,36.083758628916364,-118.49241260163683
736,36.083758628916364,-118.3133801419842
737,36.083758628916364,-118.13434768233157
738,36.083758628916364,-117.95531522267893
739,36.083758628916364,-117.7762827630263
740,36.083758628916364,-117.59725030337367
741,36.083758628916364,-117.41821784372104
742,36.083758628916364,-117.2391853840684
743,36.083758628916364,-117.06015292441577
744,36.083758628916364,-116.88112046476314
745,36.083758628916364,-116.70208800511051
746,36.083758628916364,-116.52305554545788
747,36.083758628916364,-116.34402308580525
748,36.083758628916364,-116.16499062615262
749,36.209060650603135,-121.62090104847265
750,36.209060650603135,-121.44158236400219
751,36.209060650603135,-121.26226367953173
752,36.209060650603135,-121.08294499506127
753,36.209060650603135,-120.90362631059081
754,36.209060650603135,-120.72430762612035
755,36.209060650603135,-120.54498894164989
756,36.209060650603135,-120.36567025717943
757,36.209060650603135,-120.18635157270897
758,36.209060650603135,-120.00703288823851
759,36.209060650603135,-119.82771420376805
760,36.209060650603135,-119.6483955192976
761,36.209060650603135,-119.46907683482713
762,36.209060650603135,-119.28975815035668
763,36.209060650603135,-119.11043946588622
764,36.209060650603135,-118.93112078141576
765,36.209060650603135,-118.7518020969453
766,36.209060650603135,-118.57248341247484
767,36.209060650603135,-118.39316472800438
768,36.209060650603135,-118.21384604353392
769,36.209060650603135,-118.03452735906346
770,36.209060650603135,-117.855208674593
771,36.209060650603135,-117.67588999012254
772,36.209060650603135,-117.49657130565208
773,36.209060650603135,-117.31725262118162
774,36.209060650603135,-117.13793393671116
775,36.209060650603135,-116.9586152522407
776,36.209060650603135,-116.77929656777025
777,36.209060650603135,-116.59997788329979
778,36.209060650603135,-116.42065919882933
779,36.209060650603135,-116.24134051435887
780,36.334362672289906,-121.88570304832209
781,36.334362672289906,-121.70609636199947
782,36.334362672289906,-121.52648967567686
783,36.334362672289906,-121.34688298935424
784,36.334362672289906,-121.16727630303163
785,36.334362672289906,-120.98766961670901
786,36.334362672289906,-120.8080629303864
787,36.334362672289906,-120.62845624406378
788,36.334362672289906,-120.44884955774117
789,36.334362672289906,-120.26924287141856
790,36.334362672289906,-120.08963618509594
791,36.334362672289906,-119.91002949877333
792,36.334362672289906,-119.73042281245071
793,36.334362672289906,-119.5508161261281
794,36.334362672289906,-119.37120943980548
795,36.334362672289906,-119.19160275348287
796,36.334362672289906,-119.01199606716025
797,36.334362672289906,-118.83238938083764
798,36.334362672289906,-118.65278269451503
799,36.334362672289906,-118.47317600819241
800,36.334362672289906,-118.2935693218698
801,36.334362672289906,-118.11396263554718
802,36.334362672289906,-117.93435594922457
803,36.334362672289906,-117.75474926290195
804,36.334362672289906,-117.57514257657934
805,36.334362672289906,-117.39553589025672
806,36.334362672289906,-117.21592920393411
807,36.334362672289906,-117.0363225176115
808,36.334362672289906,-116.85671583128888
809,36.334362672289906,-116.67710914496627
810,36.334362672289906,-116.49750245864365
811,36.45966469397668,-121.79155285180053
812,36.45966469397668,-121.6116563752539
813,36.45966469397668,-121.43175989870727
814,36.45966469397668,-121.25186342216064
815,36.45966469397668,-121.07196694561401
816,36.45966469397668,-120.89207046906738
817,36.45966469397668,-120.71217399252075
818,36.45966469397668,-120.53227751597412
819,36.45966469397668,-120.35238103942748
820,36.45966469397668,-120.17248456288085
821,36.45966469397668,-119.99258808633422
822,36.45966469397668,-119.81269160978759
823,36.45966469397668,-119.63279513324096
824,36.45966469397668,-119.45289865669433
825,36.45966469397668,-119.2730021801477
826,36.45966469397668,-119.09310570360107
827,36.45966469397668,-118.91320922705444
828,36.45966469397668,-118.7333127505078
829,36.45966469397668,-118.55341627396118
830,36.45966469397668,-118.37351979741454
831,36.45966469397668,-118.19362332086791
832,36.45966469397668,-118.01372684432128
833,36.45966469397668,-117.83383036777465
834,36.45966469397668,-117.65393389122802
835,36.45966469397668,-117.47403741468139
836,36.45966469397668,-117.29414093813476
837,36.45966469397668,-117.11424446158813
838,36.45966469397668,-116.9343479850415
839,36.45966469397668,-116.75445150849487
840,36.45966469397668,-116.57455503194824
841,36.58496671566345,-121.87727303442101
842,36.58496671566345,-121.69708496782935
843,36.58496671566345,-121.5168969012377
844,36.58496671566345,-121.33670883464605
845,36.58496671566345,-121.15652076805439
846,36.58496671566345,-120.97633270146274
847,36.58496671566345,-120.79614463487108
848,36.58496671566345,-120.61595656827943
849,36.58496671566345,-120.43576850168778
850,36.58496671566345,-120.25558043509612
851,36.58496671566345,-120.07539236850447
852,36.58496671566345,-119.89520430191281
853,36.58496671566345,-119.71501623532116
854,36.58496671566345,-119.5348281687295
855,36.58496671566345,-119.35464010213785
856,36.58496671566345,-119.1744520355462
857,36.58496671566345,-118.99426396895454
858,36.58496671566345,-118.81407590236289
859,36.58496671566345,-118.63388783577123
860,36.58496671566345,-118.45369976917958
861,36.58496671566345,-118.27351170258792
862,36.58496671566345,-118.09332363599627
863,36.58496671566345,-117.91313556940462
864,36.58496671566345,-117.73294750281296
865,36.58496671566345,-117.55275943622131
866,36.58496671566345,-117.37257136962965
867,36.58496671566345,-117.192383303038
868,36.58496671566345,-117.01219523644635
869,36.58496671566345,-116.83200716985469
870,36.71026873735022,-121.78277797970397
871,36.71026873735022,-121.60229651168423
872,36.71026873735022,-121.4218150436645
873,36.71026873735022,-121.24133357564476
874,36.71026873735022,-121.06085210762502
875,36.71026873735022,-120.88037063960529
876,36.71026873735022,-120.69988917158555
877,36.71026873735022,-120.51940770356582
878,36.71026873735022,-120.33892623554608
879,36.71026873735022,-120.15844476752635
880,36.71026873735022,-119.97796329950661
881,36.71026873735022,-119.79748183148688
882,36.71026873735022,-119.61700036346714
883,36.71026873735022,-119.4365188954474
884,36.71026873735022,-119.25603742742767
885,36.71026873735022,-119.07555595940794
886,36.71026873735022,-118.8950744913882
887,36.71026873735022,-118.71459302336847
888,36.71026873735022,-118.53411155534873
889,36.71026873735022,-118.353630087329
890,36.71026873735022,-118.17314861930926
891,36.71026873735022,-117.99266715128952
892,36.71026873735022,-117.81218568326979
893,36.71026873735022,-117.63170421525005
894,36.71026873735022,-117.45122274723032
895,36.71026873735022,-117.27074127921058
896,36.71026873735022,-117.09025981119085
897,36.71026873735022,-116.90977834317111
898,36.83557075903699,-121.68796126613847
899,36.83557075903699,-121.50718457363128
900,36.83557075903699,-121.32640788112408
901,36.83557075903699,-121.14563118861689
902,36.83557075903699,-120.9648544961097
903,36.83557075903699,-120.7840778036025
904,36.83557075903699,-120.6033011110953
905,36.83557075903699,-120.42252441858811
906,36.83557075903699,-120.24174772608092
907,36.83557075903699,-120.06097103357372
908,36.83557075903699,-119.88019434106653
909,36.83557075903699,-119.69941764855933
910,36.83557075903699,-119.51864095605214
911,36.83557075903699,-119.33786426354494
912,36.83557075903699,-119.15708757103775
913,36.83557075903699,-118.97631087853055
914,36.83557075903699,-118.79553418602336
915,36.83557075903699,-118.61475749351617
916,36.83557075903699,-118.43398080100897
917,36.83557075903699,-118.25320410850178
918,36.83557075903699,-118.07242741599458
919,36.83557075903699,-117.89165072348739
920,36.83557075903699,-117.7108740309802
921,36.83557075903699,-117.530097338473
922,36.83557075903699,-117.3493206459658
923,36.83557075903699,-117.16854395345861
924,36.83557075903699,-116.98776726095141
925,36.96087278072376,-121.95496747415818
926,36.96087278072376,-121.77389372231234
927,36.96087278072376,-121.5928199704665
928,36.96087278072376,-121.41174621862065
929,36.96087278072376,-121.2306724667748
930,36.96087278072376,-121.04959871492896
931,36.96087278072376,-120.86852496308312
932,36.96087278072376,-120.68745121123727
933,36.96087278072376,-120.50637745939143
934,36.96087278072376,-120.32530370754559
935,36.96087278072376,-120.14422995569974
936,36.96087278072376,-119.9631562038539
937,36.96087278072376,-119.78208245200805
938,36.96087278072376,-119.60100870016221
939,36.96087278072376,-119.41993494831637
940,36.96087278072376,-119.23886119647052
941,36.96087278072376,-119.05778744462468
942,36.96087278072376,-118.87671369277884
943,36.96087278072376,-118.69563994093299
944,36.96087278072376,-118.51456618908715
945,36.96087278072376,-118.3334924372413
946,36.96087278072376,-118.15241868539546
947,36.96087278072376,-117.97134493354962
948,36.96087278072376,-117.79027118170377
949,36.96087278072376,-117.60919742985793
950,36.96087278072376,-117.42812367801208
951,36.96087278072376,-117.24704992616624
952,37.08617480241053,-122.2228417756949
953,37.08617480241053,-122.0414691177505
954,37.08617480241053,-121.86009645980609
955,37.08617480241053,-121.67872380186168
956,37.08617480241053,-121.49735114391727
957,37.08617480241053,-121.31597848597286
958,37.08617480241053,-121.13460582802846
959,37.08617480241053,-120.95323317008405
960,37.08617480241053,-120.77186051213964
961,37.08617480241053,-120.59048785419523
962,37.08617480241053,-120.40911519625082
963,37.08617480241053,-120.22774253830642
964,37.08617480241053,-120.04636988036201
965,37.08617480241053,-119.8649972224176
966,37.08617480241053,-119.68362456447319
967,37.08617480241053,-119.50225190652878
968,37.08617480241053,-119.32087924858438
969,37.08617480241053,-119.13950659063997
970,37.08617480241053,-118.95813393269556
971,37.08617480241053,-118.77676127475115
972,37.08617480241053,-118.59538861680674
973,37.08617480241053,-118.41401595886234
974,37.08617480241053,-118.23264330091793
975,37.08617480241053,-118.05127064297352
976,37.08617480241053,-117.86989798502911
977,37.08617480241053,-117.6885253270847
978,37.08617480241053,-117.5071526691403
979,37.08617480241053,-117.32578001119589
980,37.2114768240973,-122.30991892604185
981,37.2114768240973,-122.128245503212
982,37.2114768240973,-121.94657208038215
983,37.2114768240973,-121.76489865755231
984,37.2114768240973,-121.58322523472246
985,37.2114768240973,-121.40155181189262
986,37.2114768240973,-121.21987838906277
987,37.2114768240973,-121.03820496623293
988,37.2114768240973,-120.85653154340308
989,37.2114768240973,-120.67485812057323
990,37.2114768240973,-120.49318469774339
991,37.2114768240973,-120.31151127491354
992,37.2114768240973,-120.1298378520837
993,37.2114768240973,-119.94816442925385
994,37.2114768240973,-119.766491006424
995,37.2114768240973,-119.58481758359416
996,37.2114768240973,-119.40314416076431
997,37.2114768240973,-119.22147073793447
998,37.2114768240973,-119.03979731510462
999,37.2114768240973,-118.85812389227478
1000,37.2114768240973,-118.67645046944493
1001,37.2114768240973,-118.49477704661508
1002,37.2114768240973,-118.31310362378524
1003,37.2114768240973,-118.13143020095539
1004,37.2114768240973,-117.94975677812555
1005,37.2114768240973,-117.7680833552957
1006,37.2114768240973,-117.58640993246586
1007,37.336778845784075,-122.39727532553896
1008,37.336778845784075,-122.21529926689017
1009,37.336778845784075,-122.03332320824138
1010,37.336778845784075,-121.8513471495926
1011,37.336778845784075,-121.66937109094381
1012,37.336778845784075,-121.48739503229503
1013,37.336778845784075,-121.30541897364624
1014,37.336778845784075,-121.12344291499745
1015,37.336778845784075,-120.94146685634867
1016,37.336778845784075,-120.75949079769988
1017,37.336778845784075,-120.5775147390511
1018,37.336778845784075,-120.39553868040231
1019,37.336778845784075,-120.21356262175352
1020,37.336778845784075,-120.03158656310474
1021,37.336778845784075,-119.84961050445595
1022,37.336778845784075,-119.66763444580717
1023,37.336778845784075,-119.48565838715838
1024,37.336778845784075,-119.3036823285096
1025,37.336778845784075,-119.12170626986081
1026,37.336778845784075,-118.93973021121202
1027,37.336778845784075,-118.75775415256324
1028,37.336778845784075,-118.57577809391445
1029,37.336778845784075,-118.39380203526567
1030,37.336778845784075,-118.21182597661688
1031,37.336778845784075,-118.0298499179681
1032,37.336778845784075,-117.84787385931931
1033,37.336778845784075,-117.66589780067052
1034,37.462080867470846,-122.30263306797382
1035,37.462080867470846,-122.12035249030497
1036,37.462080867470846,-121.93807191263612
1037,37.462080867470846,-121.75579133496727
1038,37.462080867470846,-121.57351075729842
1039,37.462080867470846,-121.39123017962957
1040,37.462080867470846,-121.20894960196073
1041,37.462080867470846,-121.02666902429188
1042,37.462080867470846,-120.84438844662303
1043,37.462080867470846,-120.66210786895418
1044,37.462080867470846,-120.47982729128533
1045,37.462080867470846,-120.29754671361648
1046,37.462080867470846,-120.11526613594764
1047,37.462080867470846,-119.93298555827879
1048,37.462080867470846,-119.75070498060994
1049,37.462080867470846,-119.56842440294109
1050,37.462080867470846,-119.38614382527224
1051,37.462080867470846,-119.2038632476034
1052,37.462080867470846,-119.02158266993455
1053,37.462080867470846,-118.8393020922657
1054,37.462080867470846,-118.65702151459685
1055,37.462080867470846,-118.474740936928
1056,37.462080867470846,-118.29246035925915
1057,37.462080867470846,-118.1101797815903
1058,37.462080867470846,-117.92789920392146
1059,37.58738288915762,-122.39024958877843
1060,37.58738288915762,-122.02507560421816
1061,37.58738288915762,-121.84248861193802
1062,37.58738288915762,-121.65990161965789
1063,37.58738288915762,-121.47731462737775
1064,37.58738288915762,-121.29472763509762
1065,37.58738288915762,-121.11214064281748
1066,37.58738288915762,-120.92955365053734
1067,37.58738288915762,-120.74696665825721
1068,37.58738288915762,-120.56437966597707
1069,37.58738288915762,-120.38179267369694
1070,37.58738288915762,-120.1992056814168
1071,37.58738288915762,-120.01661868913666
1072,37.58738288915762,-119.83403169685653
1073,37.58738288915762,-119.65144470457639
1074,37.58738288915762,-119.46885771229626
1075,37.58738288915762,-119.28627072001612
1076,37.58738288915762,-119.10368372773598
1077,37.58738288915762,-118.92109673545585
1078,37.58738288915762,-118.73850974317571
1079,37.58738288915762,-118.55592275089558
1080,37.58738288915762,-118.37333575861544
1081,37.58738288915762,-118.1907487663353
1082,37.58738288915762,-118.00816177405517
1083,37.71268491084439,-122.47815153503677
1084,37.71268491084439,-122.11236090504346
1085,37.71268491084439,-121.9294655900468
1086,37.71268491084439,-121.74657027505015
1087,37.71268491084439,-121.56367496005349
1088,37.71268491084439,-121.38077964505683
1089,37.71268491084439,-121.19788433006018
1090,37.71268491084439,-121.01498901506352
1091,37.71268491084439,-120.83209370006686
1092,37.71268491084439,-120.6491983850702
1093,37.71268491084439,-120.46630307007355
1094,37.71268491084439,-120.2834077550769
1095,37.71268491084439,-120.10051244008024
1096,37.71268491084439,-119.91761712508358
1097,37.71268491084439,-119.73472181008692
1098,37.71268491084439,-119.55182649509027
1099,37.71268491084439,-119.36893118009361
1100,37.71268491084439,-119.18603586509695
1101,37.71268491084439,-119.0031405501003
1102,37.71268491084439,-118.82024523510364
1103,37.71268491084439,-118.63734992010698
1104,37.71268491084439,-118.45445460511033
1105,37.71268491084439,-118.27155929011367
1106,37.83798693253116,-122.19993051927767
1107,37.83798693253116,-122.01672496081989
1108,37.83798693253116,-121.8335194023621
1109,37.83798693253116,-121.65031384390431
1110,37.83798693253116,-121.46710828544653
1111,37.83798693253116,-121.28390272698874
1112,37.83798693253116,-121.10069716853096
1113,37.83798693253116,-120.91749161007317
1114,37.83798693253116,-120.73428605161538
1115,37.83798693253116,-120.5510804931576
1116,37.83798693253116,-120.36787493469981
1117,37.83798693253116,-120.18466937624203
1118,37.83798693253116,-120.00146381778424
1119,37.83798693253116,-119.81825825932646
1120,37.83798693253116,-119.63505270086867
1121,37.83798693253116,-119.45184714241088
1122,37.83798693253116,-119.2686415839531
1123,37.83798693253116,-119.08543602549531
1124,37.83798693253116,-118.90223046703753
1125,37.83798693253116,-118.71902490857974
1126,37.83798693253116,-118.53581935012195
1127,37.83798693253116,-118.35261379166417
1128,37.96328895421793,-122.65482264570268
1129,37.96328895421793,-122.47130491027295
1130,37.96328895421793,-122.28778717484322
1131,37.96328895421793,-122.10426943941349
1132,37.96328895421793,-121.92075170398375
1133,37.96328895421793,-121.73723396855402
1134,37.96328895421793,-121.55371623312429
1135,37.96328895421793,-121.37019849769456
1136,37.96328895421793,-121.18668076226483
1137,37.96328895421793,-121.0031630268351
1138,37.96328895421793,-120.81964529140537
1139,37.96328895421793,-120.63612755597563
1140,37.96328895421793,-120.4526098205459
1141,37.96328895421793,-120.26909208511617
1142,37.96328895421793,-120.08557434968644
1143,37.96328895421793,-119.90205661425671
1144,37.96328895421793,-119.71853887882698
1145,37.96328895421793,-119.53502114339724
1146,37.96328895421793,-119.35150340796751
1147,37.96328895421793,-119.16798567253778
1148,37.96328895421793,-118.98446793710805
1149,37.96328895421793,-118.80095020167832
1150,37.96328895421793,-118.61743246624859
1151,38.0885909759047,-122.9274292001398
1152,38.0885909759047,-122.74359734133272
1153,38.0885909759047,-122.55976548252563
1154,38.0885909759047,-122.19210176491147
1155,38.0885909759047,-122.00826990610439
1156,38.0885909759047,-121.8244380472973
1157,38.0885909759047,-121.64060618849022
1158,38.0885909759047,-121.45677432968314
1159,38.0885909759047,-121.27294247087606
1160,38.0885909759047,-121.08911061206898
1161,38.0885909759047,-120.9052787532619
1162,38.0885909759047,-120.72144689445481
1163,38.0885909759047,-120.53761503564773
1164,38.0885909759047,-120.35378317684065
1165,38.0885909759047,-120.16995131803357
1166,38.0885909759047,-119.98611945922649
1167,38.0885909759047,-119.8022876004194
1168,38.0885909759047,-119.61845574161232
1169,38.0885909759047,-119.43462388280524
1170,38.0885909759047,-119.25079202399816
1171,38.0885909759047,-119.06696016519108
1172,38.0885909759047,-118.883128306384
1173,38.0885909759047,-118.69929644757691
1174,38.21389299759147,-122.83266852547118
1175,38.21389299759147,-122.64852058385686
1176,38.21389299759147,-122.46437264224255
1177,38.21389299759147,-122.28022470062824
1178,38.21389299759147,-122.09607675901393
1179,38.21389299759147,-121.91192881739961
1180,38.21389299759147,-121.7277808757853
1181,38.21389299759147,-121.54363293417099
1182,38.21389299759147,-121.35948499255667
1183,38.21389299759147,-121.17533705094236
1184,38.21389299759147,-120.99118910932805
1185,38.21389299759147,-120.80704116771373
1186,38.21389299759147,-120.62289322609942
1187,38.21389299759147,-120.43874528448511
1188,38.21389299759147,-120.2545973428708
1189,38.21389299759147,-120.07044940125648
1190,38.21389299759147,-119.88630145964217
1191,38.21389299759147,-119.70215351802786
1192,38.21389299759147,-119.51800557641354
1193,38.21389299759147,-119.33385763479923
1194,38.21389299759147,-119.14970969318492
1195,38.21389299759147,-118.9655617515706
1196,38.33919501927824,-122.92203902543751
1197,38.33919501927824,-122.73757302843016
1198,38.33919501927824,-122.55310703142281
1199,38.33919501927824,-122.36864103441546
1200,38.33919501927824,-122.18417503740811
1201,38.33919501927824,-121.99970904040076
1202,38.33919501927824,-121.81524304339341
1203,38.33919501927824,-121.63077704638606
1204,38.33919501927824,-121.4463110493787
1205,38.33919501927824,-121.26184505237136
1206,38.33919501927824,-121.077379055364
1207,38.33919501927824,-120.89291305835665
1208,38.33919501927824,-120.7084470613493
1209,38.33919501927824,-120.52398106434195
1210,38.33919501927824,-120.3395150673346
1211,38.33919501927824,-120.15504907032725
1212,38.33919501927824,-119.9705830733199
1213,38.33919501927824,-119.78611707631255
1214,38.33919501927824,-119.6016510793052
1215,38.33919501927824,-119.41718508229785
1216,38.33919501927824,-119.2327190852905
1217,38.464497040965014,-123.01171169379926
1218,38.464497040965014,-122.82692565552416
1219,38.464497040965014,-122.64213961724907
1220,38.464497040965014,-122.45735357897398
1221,38.464497040965014,-122.27256754069889
1222,38.464497040965014,-122.0877815024238
1223,38.464497040965014,-121.9029954641487
1224,38.464497040965014,-121.71820942587361
1225,38.464497040965014,-121.53342338759852
1226,38.464497040965014,-121.34863734932343
1227,38.464497040965014,-121.16385131104833
1228,38.464497040965014,-120.97906527277324
1229,38.464497040965014,-120.79427923449815
1230,38.464497040965014,-120.60949319622306
1231,38.464497040965014,-120.42470715794796
1232,38.464497040965014,-120.23992111967287
1233,38.464497040965014,-120.05513508139778
1234,38.464497040965014,-119.87034904312269
1235,38.464497040965014,-119.6855630048476
1236,38.464497040965014,-119.5007769665725
1237,38.464497040965014,-119.31599092829741
1238,38.589799062651785,-123.28679748753287
1239,38.589799062651785,-123.10168940869177
1240,38.589799062651785,-122.91658132985067
1241,38.589799062651785,-122.73147325100958
1242,38.589799062651785,-122.54636517216848
1243,38.589799062651785,-122.36125709332738
1244,38.589799062651785,-122.17614901448628
1245,38.589799062651785,-121.99104093564519
1246,38.589799062651785,-121.80593285680409
1247,38.589799062651785,-121.620824777963
1248,38.589799062651785,-121.4357166991219
1249,38.589799062651785,-121.2506086202808
1250,38.589799062651785,-121.0655005414397
1251,38.589799062651785,-120.8803924625986
1252,38.589799062651785,-120.69528438375751
1253,38.589799062651785,-120.51017630491641
1254,38.589799062651785,-120.32506822607532
1255,38.589799062651785,-120.13996014723422
1256,38.589799062651785,-119.95485206839312
1257,38.589799062651785,-119.76974398955203
1258,38.589799062651785,-119.58463591071093
1259,38.715101084338556,-123.3774072064091
1260,38.715101084338556,-123.19197507414395
1261,38.715101084338556,-123.0065429418788
1262,38.715101084338556,-122.82111080961366
1263,38.715101084338556,-122.63567867734851
1264,38.715101084338556,-122.45024654508336
1265,38.715101084338556,-122.26481441281821
1266,38.715101084338556,-122.07938228055306
1267,38.715101084338556,-121.89395014828791
1268,38.715101084338556,-121.70851801602277
1269,38.715101084338556,-121.52308588375762
1270,38.715101084338556,-121.33765375149247
1271,38.715101084338556,-121.15222161922732
1272,38.715101084338556,-120.96678948696217
1273,38.715101084338556,-120.78135735469702
1274,38.715101084338556,-120.59592522243187
1275,38.715101084338556,-120.41049309016672
1276,38.715101084338556,-120.22506095790158
1277,38.715101084338556,-120.03962882563643
1278,38.715101084338556,-119.85419669337128
1279,38.715101084338556,-119.66876456110613
1280,38.84040310602533,-123.46832983265308
1281,38.84040310602533,-123.28257162040819
1282,38.84040310602533,-123.0968134081633
1283,38.84040310602533,-122.91105519591841
1284,38.84040310602533,-122.72529698367352
1285,38.84040310602533,-122.53953877142862
1286,38.84040310602533,-122.35378055918373
1287,38.84040310602533,-122.16802234693884
1288,38.84040310602533,-121.98226413469395
1289,38.84040310602533,-121.79650592244906
1290,38.84040310602533,-121.61074771020417
1291,38.84040310602533,-121.42498949795927
1292,38.84040310602533,-121.23923128571438
1293,38.84040310602533,-121.05347307346949
1294,38.84040310602533,-120.8677148612246
1295,38.84040310602533,-120.6819566489797
1296,38.84040310602533,-120.49619843673482
1297,38.84040310602533,-120.31044022448992
1298,38.84040310602533,-120.12468201224503
1299,38.84040310602533,-119.93892380000014
1300,38.9657051277121,-123.55956833691225
1301,38.9657051277121,-123.3734820042947
1302,38.9657051277121,-123.18739567167715
1303,38.9657051277121,-123.0013093390596
1304,38.9657051277121,-122.81522300644205
1305,38.9657051277121,-122.6291366738245
1306,38.9657051277121,-122.44305034120696
1307,38.9657051277121,-122.2569640085894
1308,38.9657051277121,-122.07087767597186
1309,38.9657051277121,-121.88479134335431
1310,38.9657051277121,-121.69870501073676
1311,38.9657051277121,-121.51261867811921
1312,38.9657051277121,-121.32653234550166
1313,38.9657051277121,-121.14044601288411
1314,38.9657051277121,-120.95435968026656
1315,38.9657051277121,-120.76827334764901
1316,38.9657051277121,-120.58218701503147
1317,38.9657051277121,-120.39610068241392
1318,38.9657051277121,-120.21001434979637
1319,38.9657051277121,-120.02392801717882
1320,39.09100714939887,-123.65112571687298
1321,39.09100714939887,-123.46470920951143
1322,39.09100714939887,-123.27829270214987
1323,39.09100714939887,-123.09187619478831
1324,39.09100714939887,-122.90545968742676
1325,39.09100714939887,-122.7190431800652
1326,39.09100714939887,-122.53262667270364
1327,39.09100714939887,-122.34621016534209
1328,39.09100714939887,-122.15979365798053
1329,39.09100714939887,-121.97337715061897
1330,39.09100714939887,-121.78696064325742
1331,39.09100714939887,-121.60054413589586
1332,39.09100714939887,-121.4141276285343
1333,39.09100714939887,-121.22771112117275
1334,39.09100714939887,-121.04129461381119
1335,39.09100714939887,-120.85487810644963
1336,39.09100714939887,-120.66846159908808
1337,39.09100714939887,-120.48204509172652
1338,39.09100714939887,-120.29562858436496
1339,39.09100714939887,-120.1092120770034
1340,39.21630917108564,-123.74300499760663
1341,39.21630917108564,-123.55625624700829
1342,39.21630917108564,-123.36950749640995
1343,39.21630917108564,-123.18275874581161
1344,39.21630917108564,-122.99600999521327
1345,39.21630917108564,-122.80926124461493
1346,39.21630917108564,-122.62251249401659
1347,39.21630917108564,-122.43576374341825
1348,39.21630917108564,-122.24901499281991
1349,39.21630917108564,-122.06226624222157
1350,39.21630917108564,-121.87551749162323
1351,39.21630917108564,-121.68876874102489
1352,39.21630917108564,-121.50201999042655
1353,39.21630917108564,-121.3152712398282
1354,39.21630917108564,-121.12852248922987
1355,39.21630917108564,-120.94177373863153
1356,39.21630917108564,-120.75502498803318
1357,39.21630917108564,-120.56827623743484
1358,39.21630917108564,-120.3815274868365
1359,39.21630917108564,-120.19477873623816
1360,39.21630917108564,-120.00802998563982
1361,39.34161119277241,-123.6481261553269
1362,39.34161119277241,-123.46104307873289
1363,39.34161119277241,-123.27396000213886
1364,39.34161119277241,-123.08687692554484
1365,39.34161119277241,-122.89979384895082
1366,39.34161119277241,-122.7127107723568
1367,39.34161119277241,-122.52562769576278
1368,39.34161119277241,-122.33854461916876
1369,39.34161119277241,-122.15146154257474
1370,39.34161119277241,-121.96437846598072
1371,39.34161119277241,-121.7772953893867
1372,39.34161119277241,-121.59021231279267
1373,39.34161119277241,-121.40312923619865
1374,39.34161119277241,-121.21604615960463
1375,39.34161119277241,-121.02896308301061
1376,39.34161119277241,-120.84188000641659
1377,39.34161119277241,-120.65479692982257
1378,39.34161119277241,-120.46771385322855
1379,39.34161119277241,-120.28063077663452
1380,39.34161119277241,-120.0935477000405
1381,39.46691321445918,-123.74032200095523
1382,39.46691321445918,-123.55290250119404
1383,39.46691321445918,-123.36548300143285
1384,39.46691321445918,-123.17806350167166
1385,39.46691321445918,-122.99064400191047
1386,39.46691321445918,-122.80322450214928
1387,39.46691321445918,-122.61580500238809
1388,39.46691321445918,-122.4283855026269
1389,39.46691321445918,-122.2409660028657
1390,39.46691321445918,-122.05354650310451
1391,39.46691321445918,-121.86612700334332
1392,39.46691321445918,-121.67870750358213
1393,39.46691321445918,-121.49128800382094
1394,39.46691321445918,-121.30386850405975
1395,39.46691321445918,-121.11644900429856
1396,39.46691321445918,-120.92902950453737
1397,39.46691321445918,-120.74161000477618
1398,39.46691321445918,-120.55419050501499
1399,39.46691321445918,-120.3667710052538
1400,39.46691321445918,-120.1793515054926
1401,39.592215236145954,-123.64508884402657
1402,39.592215236145954,-123.45733080936581
1403,39.592215236145954,-123.26957277470505
1404,39.592215236145954,-123.0818147400443
1405,39.592215236145954,-122.89405670538353
1406,39.592215236145954,-122.70629867072277
1407,39.592215236145954,-122.51854063606201
1408,39.592215236145954,-122.33078260140125
1409,39.592215236145954,-122.1430245667405
1410,39.592215236145954,-121.95526653207973
1411,39.592215236145954,-121.76750849741897
1412,39.592215236145954,-121.57975046275821
1413,39.592215236145954,-121.39199242809745
1414,39.592215236145954,-121.20423439343669
1415,39.592215236145954,-121.01647635877593
1416,39.592215236145954,-120.82871832411517
1417,39.592215236145954,-120.64096028945441
1418,39.592215236145954,-120.45320225479365
1419,39.592215236145954,-120.26544422013289
1420,39.592215236145954,-120.07768618547213
1421,39.717517257832725,-123.73760521598523
1422,39.717517257832725,-123.54950651998153
1423,39.717517257832725,-123.36140782397784
1424,39.717517257832725,-123.17330912797415
1425,39.717517257832725,-122.98521043197046
1426,39.717517257832725,-122.79711173596677
1427,39.717517257832725,-122.60901303996307
1428,39.717517257832725,-122.42091434395938
1429,39.717517257832725,-122.23281564795569
1430,39.717517257832725,-122.044716951952
1431,39.717517257832725,-121.8566182559483
1432,39.717517257832725,-121.66851955994461
1433,39.717517257832725,-121.48042086394092
1434,39.717517257832725,-121.29232216793723
1435,39.717517257832725,-121.10422347193354
1436,39.717517257832725,-120.91612477592984
1437,39.717517257832725,-120.72802607992615
1438,39.717517257832725,-120.53992738392246
1439,39.717517257832725,-120.35182868791877
1440,39.717517257832725,-120.16372999191508
1441,39.842819279519496,-123.83045475471467
1442,39.842819279519496,-123.64201325606172
1443,39.842819279519496,-123.45357175740877
1444,39.842819279519496,-123.26513025875582
1445,39.842819279519496,-123.07668876010287
1446,39.842819279519496,-122.88824726144992
1447,39.842819279519496,-122.69980576279697
1448,39.842819279519496,-122.51136426414402
1449,39.842819279519496,-122.32292276549107
1450,39.842819279519496,-122.13448126683812
1451,39.842819279519496,-121.94603976818517
1452,39.842819279519496,-121.75759826953222
1453,39.842819279519496,-121.56915677087927
1454,39.842819279519496,-121.38071527222633
1455,39.842819279519496,-121.19227377357338
1456,39.842819279519496,-121.00383227492043
1457,39.842819279519496,-120.81539077626748
1458,39.842819279519496,-120.62694927761453
1459,39.842819279519496,-120.43850777896158
1460,39.842819279519496,-120.25006628030863
1461,39.842819279519496,-120.06162478165568
1462,39.96812130120627,-123.9236406271241
1463,39.96812130120627,-123.7348541694988
1464,39.96812130120627,-123.5460677118735
1465,39.96812130120627,-123.3572812542482
1466,39.96812130120627,-123.16849479662291
1467,39.96812130120627,-122.97970833899761
1468,39.96812130120627,-122.79092188137231
1469,39.96812130120627,-122.60213542374701
1470,39.96812130120627,-122.41334896612172
1471,39.96812130120627,-122.22456250849642
1472,39.96812130120627,-122.03577605087112
1473,39.96812130120627,-121.84698959324582
1474,39.96812130120627,-121.65820313562052
1475,39.96812130120627,-121.46941667799523
1476,39.96812130120627,-121.28063022036993
1477,39.96812130120627,-121.09184376274463
1478,39.96812130120627,-120.90305730511933
1479,39.96812130120627,-120.71427084749403
1480,39.96812130120627,-120.52548438986874
1481,39.96812130120627,-120.33669793224344
1482,39.96812130120627,-120.14791147461814
1483,40.09342332289304,-124.01716602976681
1484,40.09342332289304,-123.82803244167354
1485,40.09342332289304,-123.63889885358027
1486,40.09342332289304,-123.449765265487
1487,40.09342332289304,-123.26063167739373
1488,40.09342332289304,-123.07149808930046
1489,40.09342332289304,-122.88236450120719
1490,40.09342332289304,-122.69323091311392
1491,40.09342332289304,-122.50409732502065
1492,40.09342332289304,-122.31496373692738
1493,40.09342332289304,-122.12583014883411
1494,40.09342332289304,-121.93669656074084
1495,40.09342332289304,-121.74756297264757
1496,40.09342332289304,-121.5584293845543
1497,40.09342332289304,-121.36929579646103
1498,40.09342332289304,-121.18016220836776
1499,40.09342332289304,-120.99102862027449
1500,40.09342332289304,-120.80189503218122
1501,40.09342332289304,-120.61276144408795
1502,40.09342332289304,-120.42362785599468
1503,40.09342332289304,-120.23449426790141
1504,40.09342332289304,-120.04536067980814
1505,40.21872534457981,-124.30051709461291
1506,40.21872534457981,-124.11103418922583
1507,40.21872534457981,-123.92155128383875
1508,40.21872534457981,-123.73206837845167
1509,40.21872534457981,-123.54258547306459
1510,40.21872534457981,-123.35310256767751
1511,40.21872534457981,-123.16361966229043
1512,40.21872534457981,-122.97413675690335
1513,40.21872534457981,-122.78465385151627
1514,40.21872534457981,-122.59517094612919
1515,40.21872534457981,-122.4056880407421
1516,40.21872534457981,-122.21620513535503
1517,40.21872534457981,-122.02672222996794
1518,40.21872534457981,-121.83723932458086
1519,40.21872534457981,-121.64775641919378
1520,40.21872534457981,-121.4582735138067
1521,40.21872534457981,-121.26879060841962
1522,40.21872534457981,-121.07930770303254
1523,40.21872534457981,-120.88982479764546
1524,40.21872534457981,-120.70034189225838
1525,40.21872534457981,-120.5108589868713
1526,40.21872534457981,-120.32137608148422
1527,40.21872534457981,-120.13189317609714
1528,40.34402736626658,-124.20524836250513
1529,40.34402736626658,-124.01541393750855
1530,40.34402736626658,-123.82557951251198
1531,40.34402736626658,-123.6357450875154
1532,40.34402736626658,-123.44591066251883
1533,40.34402736626658,-123.25607623752225
1534,40.34402736626658,-123.06624181252567
1535,40.34402736626658,-122.8764073875291
1536,40.34402736626658,-122.68657296253252
1537,40.34402736626658,-122.49673853753595
1538,40.34402736626658,-122.30690411253937
1539,40.34402736626658,-122.1170696875428
1540,40.34402736626658,-121.92723526254622
1541,40.34402736626658,-121.73740083754964
1542,40.34402736626658,-121.54756641255307
1543,40.34402736626658,-121.35773198755649
1544,40.34402736626658,-121.16789756255992
1545,40.34402736626658,-120.97806313756334
1546,40.34402736626658,-120.78822871256676
1547,40.34402736626658,-120.59839428757019
1548,40.34402736626658,-120.40855986257361
1549,40.34402736626658,-120.21872543757704
1550,40.34402736626658,-120.02889101258046
1551,40.46932938795335,-124.29981183742672
1552,40.46932938795335,-124.10962367485344
1553,40.46932938795335,-123.91943551228016
1554,40.46932938795335,-123.72924734970688
1555,40.46932938795335,-123.5390591871336
1556,40.46932938795335,-123.34887102456032
1557,40.46932938795335,-123.15868286198705
1558,40.46932938795335,-122.96849469941377
1559,40.46932938795335,-122.77830653684049
1560,40.46932938795335,-122.58811837426721
1561,40.46932938795335,-122.39793021169393
1562,40.46932938795335,-122.20774204912065
1563,40.46932938795335,-122.01755388654738
1564,40.46932938795335,-121.8273657239741
1565,40.46932938795335,-121.63717756140082
1566,40.46932938795335,-121.44698939882754
1567,40.46932938795335,-121.25680123625426
1568,40.46932938795335,-121.06661307368098
1569,40.46932938795335,-120.8764249111077
1570,40.46932938795335,-120.68623674853443
1571,40.46932938795335,-120.49604858596115
1572,40.46932938795335,-120.30586042338787
1573,40.46932938795335,-120.11567226081459
1574,40.59463140964012,-124.20418379910143
1575,40.59463140964012,-124.01363966516905
1576,40.59463140964012,-123.82309553123667
1577,40.59463140964012,-123.6325513973043
1578,40.59463140964012,-123.44200726337192
1579,40.59463140964012,-123.25146312943954
1580,40.59463140964012,-123.06091899550717
1581,40.59463140964012,-122.87037486157479
1582,40.59463140964012,-122.67983072764241
1583,40.59463140964012,-122.48928659371003
1584,40.59463140964012,-122.29874245977766
1585,40.59463140964012,-122.10819832584528
1586,40.59463140964012,-121.9176541919129
1587,40.59463140964012,-121.72711005798052
1588,40.59463140964012,-121.53656592404815
1589,40.59463140964012,-121.34602179011577
1590,40.59463140964012,-121.1554776561834
1591,40.59463140964012,-120.96493352225102
1592,40.59463140964012,-120.77438938831864
1593,40.59463140964012,-120.58384525438626
1594,40.59463140964012,-120.39330112045388
1595,40.59463140964012,-120.2027569865215
1596,40.59463140964012,-120.01221285258913
1597,40.71993343132689,-124.10819528989045
1598,40.71993343132689,-123.91729293483567
1599,40.71993343132689,-123.7263905797809
1600,40.71993343132689,-123.53548822472612
1601,40.71993343132689,-123.34458586967135
1602,40.71993343132689,-123.15368351461657
1603,40.71993343132689,-122.9627811595618
1604,40.71993343132689,-122.77187880450703
1605,40.71993343132689,-122.58097644945225
1606,40.71993343132689,-122.39007409439748
1607,40.71993343132689,-122.1991717393427
1608,40.71993343132689,-122.00826938428793
1609,40.71993343132689,-121.81736702923315
1610,40.71993343132689,-121.62646467417838
1611,40.71993343132689,-121.4355623191236
1612,40.71993343132689,-121.24465996406883
1613,40.71993343132689,-121.05375760901406
1614,40.71993343132689,-120.86285525395928
1615,40.71993343132689,-120.67195289890451
1616,40.71993343132689,-120.48105054384973
1617,40.71993343132689,-120.29014818879496
1618,40.71993343132689,-120.09924583374018
1619,40.845235453013665,-124.01184289477695
1620,40.845235453013665,-123.82058005268773
1621,40.845235453013665,-123.62931721059851
1622,40.845235453013665,-123.4380543685093
1623,40.845235453013665,-123.24679152642008
1624,40.845235453013665,-123.05552868433087
1625,40.845235453013665,-122.86426584224165
1626,40.845235453013665,-122.67300300015243
1627,40.845235453013665,-122.48174015806322
1628,40.845235453013665,-122.290477315974
1629,40.845235453013665,-122.09921447388479
1630,40.845235453013665,-121.90795163179557
1631,40.845235453013665,-121.71668878970635
1632,40.845235453013665,-121.52542594761714
1633,40.845235453013665,-121.33416310552792
1634,40.845235453013665,-121.1429002634387
1635,40.845235453013665,-120.95163742134949
1636,40.845235453013665,-120.76037457926027
1637,40.845235453013665,-120.56911173717106
1638,40.845235453013665,-120.37784889508184
1639,40.845235453013665,-120.18658605299262
1640,40.970537474700436,-124.10674877729117
1641,40.970537474700436,-123.91512316593676
1642,40.970537474700436,-123.72349755458235
1643,40.970537474700436,-123.53187194322794
1644,40.970537474700436,-123.34024633187353
1645,40.970537474700436,-123.14862072051912
1646,40.970537474700436,-122.95699510916471
1647,40.970537474700436,-122.7653694978103
1648,40.970537474700436,-122.57374388645589
1649,40.970537474700436,-122.38211827510148
1650,40.970537474700436,-122.19049266374707
1651,40.970537474700436,-121.99886705239265
1652,40.970537474700436,-121.80724144103824
1653,40.970537474700436,-121.61561582968383
1654,40.970537474700436,-121.42399021832942
1655,40.970537474700436,-121.23236460697501
1656,40.970537474700436,-121.0407389956206
1657,40.970537474700436,-120.84911338426619
1658,40.970537474700436,-120.65748777291178
1659,40.970537474700436,-120.46586216155737
1660,40.970537474700436,-120.27423655020296
1661,40.970537474700436,-120.08261093884855
1662,41.09583949638721,-124.0100233016471
1663,41.09583949638721,-123.81803262230594
1664,41.09583949638721,-123.62604194296478
1665,41.09583949638721,-123.43405126362362
1666,41.09583949638721,-123.24206058428246
1667,41.09583949638721,-123.0500699049413
1668,41.09583949638721,-122.85807922560014
1669,41.09583949638721,-122.66608854625898
1670,41.09583949638721,-122.47409786691782
1671,41.09583949638721,-122.28210718757666
1672,41.09583949638721,-122.0901165082355
1673,41.09583949638721,-121.89812582889434
1674,41.09583949638721,-121.70613514955318
1675,41.09583949638721,-121.51414447021202
1676,41.09583949638721,-121.32215379087086
1677,41.09583949638721,-121.1301631115297
1678,41.09583949638721,-120.93817243218854
1679,41.09583949638721,-120.74618175284738
1680,41.09583949638721,-120.55419107350622
1681,41.09583949638721,-120.36220039416506
1682,41.09583949638721,-120.1702097148239
1683,41.22114151807398,-124.1052838745709
1684,41.22114151807398,-123.91292581185635
1685,41.22114151807398,-123.72056774914181
1686,41.22114151807398,-123.52820968642726
1687,41.22114151807398,-123.33585162371271
1688,41.22114151807398,-123.14349356099817
1689,41.22114151807398,-122.95113549828362
1690,41.22114151807398,-122.75877743556907
1691,41.22114151807398,-122.56641937285453
1692,41.22114151807398,-122.37406131013998
1693,41.22114151807398,-122.18170324742543
1694,41.22114151807398,-121.98934518471088
1695,41.22114151807398,-121.79698712199634
1696,41.22114151807398,-121.60462905928179
1697,41.22114151807398,-121.41227099656724
1698,41.22114151807398,-121.2199129338527
1699,41.22114151807398,-121.02755487113815
1700,41.22114151807398,-120.8351968084236
1701,41.22114151807398,-120.64283874570906
1702,41.22114151807398,-120.45048068299451
1703,41.22114151807398,-120.25812262027996
1704,41.22114151807398,-120.06576455756542
1705,41.34644353976075,-124.00818055420957
1706,41.34644353976075,-123.8154527758934
1707,41.34644353976075,-123.62272499757724
1708,41.34644353976075,-123.42999721926107
1709,41.34644353976075,-123.2372694409449
1710,41.34644353976075,-123.04454166262873
1711,41.34644353976075,-122.85181388431256
1712,41.34644353976075,-122.6590861059964
1713,41.34644353976075,-122.46635832768023
1714,41.34644353976075,-122.27363054936406
1715,41.34644353976075,-122.08090277104789
1716,41.34644353976075,-121.88817499273172
1717,41.34644353976075,-121.69544721441555
1718,41.34644353976075,-121.50271943609938
1719,41.34644353976075,-121.30999165778321
1720,41.34644353976075,-121.11726387946705
1721,41.34644353976075,-120.92453610115088
1722,41.34644353976075,-120.73180832283471
1723,41.34644353976075,-120.53908054451854
1724,41.34644353976075,-120.34635276620237
1725,41.34644353976075,-120.1536249878862
1726,41.47174556144752,-123.91070047050069
1727,41.47174556144752,-123.71760062733425
1728,41.47174556144752,-123.52450078416781
1729,41.47174556144752,-123.33140094100138
1730,41.47174556144752,-123.13830109783494
1731,41.47174556144752,-122.9452012546685
1732,41.47174556144752,-122.75210141150207
1733,41.47174556144752,-122.55900156833563
1734,41.47174556144752,-122.3659017251692
1735,41.47174556144752,-122.17280188200276
1736,41.47174556144752,-121.97970203883632
1737,41.47174556144752,-121.78660219566989
1738,41.47174556144752,-121.59350235250345
1739,41.47174556144752,-121.40040250933701
1740,41.47174556144752,-121.20730266617058
1741,41.47174556144752,-121.01420282300414
1742,41.47174556144752,-120.8211029798377
1743,41.47174556144752,-120.62800313667127
1744,41.47174556144752,-120.43490329350483
1745,41.47174556144752,-120.2418034503384
1746,41.47174556144752,-120.04870360717196
1747,41.59704758313429,-124.00631431383307
1748,41.59704758313429,-123.81284003936631
1749,41.59704758313429,-123.61936576489954
1750,41.59704758313429,-123.42589149043278
1751,41.59704758313429,-123.23241721596601
1752,41.59704758313429,-123.03894294149924
1753,41.59704758313429,-122.84546866703248
1754,41.59704758313429,-122.65199439256571
1755,41.59704758313429,-122.45852011809895
1756,41.59704758313429,-122.26504584363218
1757,41.59704758313429,-122.07157156916541
1758,41.59704758313429,-121.87809729469865
1759,41.59704758313429,-121.68462302023188
1760,41.59704758313429,-121.49114874576512
1761,41.59704758313429,-121.29767447129835
1762,41.59704758313429,-121.10420019683158
1763,41.59704758313429,-120.91072592236482
1764,41.59704758313429,-120.71725164789805
1765,41.59704758313429,-120.52377737343129
1766,41.59704758313429,-120.33030309896452
1767,41.59704758313429,-120.13682882449775
1768,41.72234960482106,-124.10229782079593
1769,41.72234960482106,-123.90844673119389
1770,41.72234960482106,-123.71459564159186
1771,41.72234960482106,-123.52074455198982
1772,41.72234960482106,-123.32689346238779
1773,41.72234960482106,-123.13304237278575
1774,41.72234960482106,-122.93919128318372
1775,41.72234960482106,-122.74534019358168
1776,41.72234960482106,-122.55148910397965
1777,41.72234960482106,-122.35763801437761
1778,41.72234960482106,-122.16378692477558
1779,41.72234960482106,-121.96993583517354
1780,41.72234960482106,-121.77608474557151
1781,41.72234960482106,-121.58223365596947
1782,41.72234960482106,-121.38838256636744
1783,41.72234960482106,-121.1945314767654
1784,41.72234960482106,-121.00068038716337
1785,41.72234960482106,-120.80682929756134
1786,41.72234960482106,-120.6129782079593
1787,41.72234960482106,-120.41912711835727
1788,41.72234960482106,-120.22527602875523
1789,41.72234960482106,-120.0314249391532
1790,41.84765162650783,-124.19865454078578
1791,41.84765162650783,-124.00442423464297
1792,41.84765162650783,-123.81019392850015
1793,41.84765162650783,-123.61596362235734
1794,41.84765162650783,-123.42173331621453
1795,41.84765162650783,-123.22750301007171
1796,41.84765162650783,-123.0332727039289
1797,41.84765162650783,-122.83904239778609
1798,41.84765162650783,-122.64481209164327
1799,41.84765162650783,-122.45058178550046
1800,41.84765162650783,-122.25635147935765
1801,41.84765162650783,-122.06212117321483
1802,41.84765162650783,-121.86789086707202
1803,41.84765162650783,-121.6736605609292
1804,41.84765162650783,-121.4794302547864
1805,41.84765162650783,-121.28519994864358
1806,41.84765162650783,-121.09096964250077
1807,41.84765162650783,-120.89673933635795
1808,41.84765162650783,-120.70250903021514
1809,41.84765162650783,-120.50827872407233
1810,41.84765162650783,-120.31404841792951
1811,41.84765162650783,-120.1198181117867
1812,41.972953648194604,-124.10077611630423
1813,41.972953648194604,-123.90616417445635
1814,41.972953648194604,-123.71155223260847
1815,41.972953648194604,-123.51694029076059
1816,41.972953648194604,-123.3223283489127
1817,41.972953648194604,-123.12771640706482
1818,41.972953648194604,-122.93310446521694
1819,41.972953648194604,-122.73849252336906
1820,41.972953648194604,-122.54388058152118
1821,41.972953648194604,-122.3492686396733
1822,41.972953648194604,-122.15465669782542
1823,41.972953648194604,-121.96004475597753
1824,41.972953648194604,-121.76543281412965
1825,41.972953648194604,-121.57082087228177
1826,41.972953648194604,-121.37620893043389
1827,41.972953648194604,-121.18159698858601
1828,41.972953648194604,-120.98698504673813
1829,41.972953648194604,-120.79237310489025
1830,41.972953648194604,-120.59776116304236
1831,41.972953648194604,-120.40314922119448
1832,41.972953648194604,-120.2085372793466
1833,41.972953648194604,-120.01392533749872
